product_id,product_name,category,price
1,Product_1,Beauty,2079.81
2,Product_2,Toys,3138.76
3,Product_3,Toys,4949.7
4,Product_4,Sports,888.48
5,Product_5,Books,241.43
6,Product_6,Toys,2847.34
7,Product_7,Sports,3779.05
8,Product_8,Grocery,238.56
9,Product_9,Grocery,647.58
10,Product_10,Clothing,3436.9
11,Product_11,Books,1773.17
12,Product_12,Clothing,652.76
13,Product_13,Sports,5539.41
14,Product_14,Home,4652.9
15,Product_15,Electronics,33532.65
16,Product_16,Beauty,1693.41
17,Product_17,Grocery,1857.09
18,Product_18,Home,853.95
19,Product_19,Books,993.07
20,Product_20,Grocery,425.88
21,Product_21,Books,1119.89
22,Product_22,Electronics,42752.18
23,Product_23,Books,1831.5
24,Product_24,Sports,4162.85
25,Product_25,Toys,4077.72
26,Product_26,Books,632.97
27,Product_27,Home,392.68
28,Product_28,Books,1724.95
29,Product_29,Beauty,446.3
30,Product_30,Toys,186.29
31,Product_31,Books,772.22
32,Product_32,Toys,1958.96
33,Product_33,Clothing,570.66
34,Product_34,Electronics,40802.04
35,Product_35,Home,6262.21
36,Product_36,Beauty,1520.78
37,Product_37,Home,4189.99
38,Product_38,Sports,5261.62
39,Product_39,Electronics,38453.2
40,Product_40,Grocery,1817.06
41,Product_41,Sports,9714.14
42,Product_42,Grocery,882.11
43,Product_43,Books,1981.06
44,Product_44,Sports,3161.07
45,Product_45,Books,113.25
46,Product_46,Clothing,3884.56
47,Product_47,Sports,2030.83
48,Product_48,Grocery,152.29
49,Product_49,Beauty,2779.63
50,Product_50,Grocery,1594.03
51,Product_51,Electronics,5581.91
52,Product_52,Clothing,3929.17
53,Product_53,Toys,4235.6
54,Product_54,Home,13607.93
55,Product_55,Sports,5573.83
56,Product_56,Home,10640.16
57,Product_57,Clothing,3858.75
58,Product_58,Home,10422.99
59,Product_59,Beauty,1975.82
60,Product_60,Clothing,2828.28
61,Product_61,Electronics,24220.17
62,Product_62,Electronics,49808.19
63,Product_63,Grocery,708.24
64,Product_64,Toys,532.52
65,Product_65,Electronics,38369.33
66,Product_66,Electronics,11084.31
67,Product_67,Clothing,2756.93
68,Product_68,Clothing,659.85
69,Product_69,Books,1276.64
70,Product_70,Clothing,4731.24
71,Product_71,Sports,7310.24
72,Product_72,Books,507.62
73,Product_73,Grocery,1943.72
74,Product_74,Grocery,648.82
75,Product_75,Clothing,2295.75
76,Product_76,Clothing,2590.96
77,Product_77,Toys,4954.52
78,Product_78,Clothing,530.68
79,Product_79,Electronics,34988.05
80,Product_80,Beauty,1149.6
81,Product_81,Grocery,202.73
82,Product_82,Electronics,46784.07
83,Product_83,Books,1220.73
84,Product_84,Toys,3792.24
85,Product_85,Beauty,797.12
86,Product_86,Toys,3831.55
87,Product_87,Beauty,2502.58
88,Product_88,Toys,2211.06
89,Product_89,Beauty,1758.67
90,Product_90,Toys,4862.18
91,Product_91,Books,1708.79
92,Product_92,Books,945.22
93,Product_93,Electronics,33396.41
94,Product_94,Sports,7907.05
95,Product_95,Toys,219.21
96,Product_96,Home,8948.98
97,Product_97,Grocery,1969.83
98,Product_98,Sports,9487.65
99,Product_99,Electronics,41705.8
100,Product_100,Beauty,408.02
101,Product_101,Home,14912.41
102,Product_102,Sports,6212.52
103,Product_103,Toys,1192.25
104,Product_104,Books,1381.11
105,Product_105,Toys,4296.97
106,Product_106,Books,313.42
107,Product_107,Clothing,4598.9
108,Product_108,Grocery,1844.4
109,Product_109,Grocery,76.26
110,Product_110,Books,1810.61
111,Product_111,Grocery,1896.29
112,Product_112,Sports,665.61
113,Product_113,Electronics,15061.23
114,Product_114,Home,5784.68
115,Product_115,Clothing,1874.67
116,Product_116,Toys,3819.12
117,Product_117,Books,780.4
118,Product_118,Books,1917.5
119,Product_119,Toys,4975.46
120,Product_120,Home,4957.24
121,Product_121,Home,7779.37
122,Product_122,Toys,2832.76
123,Product_123,Sports,5920.21
124,Product_124,Books,811.0
125,Product_125,Beauty,581.38
126,Product_126,Books,203.67
127,Product_127,Sports,1331.58
128,Product_128,Clothing,4526.2
129,Product_129,Electronics,14378.56
130,Product_130,Books,245.96
131,Product_131,Sports,6348.24
132,Product_132,Beauty,318.39
133,Product_133,Grocery,186.6
134,Product_134,Grocery,1262.06
135,Product_135,Beauty,1815.05
136,Product_136,Sports,702.33
137,Product_137,Clothing,2410.29
138,Product_138,Beauty,1363.73
139,Product_139,Beauty,1685.4
140,Product_140,Books,1501.9
141,Product_141,Books,637.32
142,Product_142,Toys,2220.62
143,Product_143,Clothing,4005.16
144,Product_144,Clothing,4628.27
145,Product_145,Clothing,4478.35
146,Product_146,Toys,2440.39
147,Product_147,Clothing,2700.16
148,Product_148,Sports,5432.32
149,Product_149,Grocery,1744.0
150,Product_150,Sports,8447.41
151,Product_151,Home,4879.53
152,Product_152,Toys,897.96
153,Product_153,Home,5870.93
154,Product_154,Toys,1513.19
155,Product_155,Home,14276.48
156,Product_156,Beauty,871.16
157,Product_157,Clothing,1069.79
158,Product_158,Sports,9024.95
159,Product_159,Sports,1138.84
160,Product_160,Clothing,1449.28
161,Product_161,Home,6754.93
162,Product_162,Books,1230.7
163,Product_163,Toys,1705.6
164,Product_164,Beauty,1539.08
165,Product_165,Sports,2228.66
166,Product_166,Electronics,28926.57
167,Product_167,Beauty,1282.67
168,Product_168,Beauty,2562.85
169,Product_169,Home,6411.29
170,Product_170,Clothing,2330.31
171,Product_171,Toys,3001.66
172,Product_172,Toys,703.53
173,Product_173,Electronics,8261.36
174,Product_174,Home,11916.49
175,Product_175,Clothing,1512.41
176,Product_176,Toys,3455.01
177,Product_177,Electronics,5322.64
178,Product_178,Books,1661.51
179,Product_179,Books,1977.63
180,Product_180,Sports,3924.8
181,Product_181,Electronics,25523.74
182,Product_182,Home,6807.87
183,Product_183,Electronics,44762.29
184,Product_184,Grocery,69.37
185,Product_185,Electronics,32846.24
186,Product_186,Grocery,1322.12
187,Product_187,Electronics,19428.06
188,Product_188,Grocery,477.7
189,Product_189,Grocery,517.38
190,Product_190,Sports,8064.5
191,Product_191,Books,225.6
192,Product_192,Books,1171.27
193,Product_193,Grocery,648.34
194,Product_194,Clothing,1473.19
195,Product_195,Electronics,25534.01
196,Product_196,Grocery,1800.83
197,Product_197,Toys,3128.65
198,Product_198,Beauty,2386.97
199,Product_199,Toys,3043.35
200,Product_200,Home,10556.42
201,Product_201,Beauty,1353.98
202,Product_202,Toys,4637.31
203,Product_203,Clothing,2609.31
204,Product_204,Home,8411.09
205,Product_205,Clothing,2719.83
206,Product_206,Grocery,666.57
207,Product_207,Toys,1233.07
208,Product_208,Home,1385.37
209,Product_209,Books,1464.53
210,Product_210,Books,649.62
211,Product_211,Beauty,1228.67
212,Product_212,Beauty,2767.79
213,Product_213,Toys,2875.59
214,Product_214,Sports,1241.66
215,Product_215,Toys,4018.1
216,Product_216,Toys,1355.04
217,Product_217,Grocery,1127.78
218,Product_218,Grocery,1044.46
219,Product_219,Toys,1266.59
220,Product_220,Clothing,755.7
221,Product_221,Beauty,712.66
222,Product_222,Home,1730.87
223,Product_223,Electronics,14143.59
224,Product_224,Toys,4986.76
225,Product_225,Electronics,20403.57
226,Product_226,Electronics,43262.48
227,Product_227,Sports,5627.02
228,Product_228,Toys,3366.26
229,Product_229,Beauty,553.41
230,Product_230,Clothing,1519.07
231,Product_231,Clothing,2650.13
232,Product_232,Toys,4417.6
233,Product_233,Toys,310.15
234,Product_234,Sports,5217.12
235,Product_235,Grocery,149.47
236,Product_236,Home,7015.29
237,Product_237,Books,1294.85
238,Product_238,Toys,3749.14
239,Product_239,Beauty,501.74
240,Product_240,Beauty,583.07
241,Product_241,Home,7209.95
242,Product_242,Home,14971.14
243,Product_243,Beauty,1132.54
244,Product_244,Beauty,1339.83
245,Product_245,Electronics,21906.11
246,Product_246,Toys,495.43
247,Product_247,Toys,3893.44
248,Product_248,Toys,1340.2
249,Product_249,Clothing,3577.6
250,Product_250,Electronics,24016.95
251,Product_251,Grocery,1242.97
252,Product_252,Electronics,3171.6
253,Product_253,Clothing,4471.84
254,Product_254,Sports,2665.41
255,Product_255,Books,1373.18
256,Product_256,Sports,8040.79
257,Product_257,Sports,5538.38
258,Product_258,Sports,3572.14
259,Product_259,Home,14675.18
260,Product_260,Grocery,592.96
261,Product_261,Electronics,47458.79
262,Product_262,Home,2596.49
263,Product_263,Toys,2007.19
264,Product_264,Home,2335.89
265,Product_265,Clothing,210.75
266,Product_266,Sports,2824.51
267,Product_267,Beauty,352.91
268,Product_268,Sports,9867.55
269,Product_269,Electronics,38201.84
270,Product_270,Grocery,57.22
271,Product_271,Home,3587.6
272,Product_272,Electronics,33671.15
273,Product_273,Home,6158.72
274,Product_274,Home,12528.09
275,Product_275,Home,7721.45
276,Product_276,Beauty,1995.59
277,Product_277,Toys,3025.48
278,Product_278,Sports,6490.24
279,Product_279,Home,3682.45
280,Product_280,Clothing,1991.79
281,Product_281,Books,196.2
282,Product_282,Books,1216.51
283,Product_283,Home,7051.1
284,Product_284,Sports,7678.95
285,Product_285,Sports,2301.91
286,Product_286,Toys,2240.38
287,Product_287,Toys,985.65
288,Product_288,Beauty,1880.54
289,Product_289,Home,12766.04
290,Product_290,Clothing,3874.13
291,Product_291,Beauty,2838.17
292,Product_292,Beauty,2918.0
293,Product_293,Home,11648.9
294,Product_294,Home,4516.05
295,Product_295,Beauty,735.86
296,Product_296,Beauty,1397.89
297,Product_297,Grocery,1988.07
298,Product_298,Beauty,1296.74
299,Product_299,Grocery,438.18
300,Product_300,Electronics,47244.97
301,Product_301,Beauty,1219.16
302,Product_302,Grocery,1397.25
303,Product_303,Sports,7945.08
304,Product_304,Books,1702.0
305,Product_305,Clothing,4142.15
306,Product_306,Clothing,4213.98
307,Product_307,Books,1368.54
308,Product_308,Home,6236.32
309,Product_309,Toys,3369.71
310,Product_310,Beauty,2526.53
311,Product_311,Grocery,733.75
312,Product_312,Clothing,1623.24
313,Product_313,Clothing,1849.79
314,Product_314,Sports,5647.45
315,Product_315,Sports,808.71
316,Product_316,Electronics,39059.06
317,Product_317,Books,363.82
318,Product_318,Electronics,7075.51
319,Product_319,Grocery,435.44
320,Product_320,Clothing,2969.25
321,Product_321,Home,4497.86
322,Product_322,Clothing,1966.83
323,Product_323,Home,13995.24
324,Product_324,Toys,4251.29
325,Product_325,Clothing,4290.51
326,Product_326,Sports,5903.13
327,Product_327,Beauty,2612.75
328,Product_328,Clothing,3937.12
329,Product_329,Electronics,47685.22
330,Product_330,Toys,415.41
331,Product_331,Toys,240.76
332,Product_332,Home,2872.94
333,Product_333,Home,13957.55
334,Product_334,Clothing,3106.71
335,Product_335,Grocery,880.92
336,Product_336,Home,7836.85
337,Product_337,Electronics,41565.43
338,Product_338,Sports,9312.37
339,Product_339,Beauty,2216.13
340,Product_340,Grocery,1531.7
341,Product_341,Beauty,1029.1
342,Product_342,Home,7165.42
343,Product_343,Clothing,4449.01
344,Product_344,Home,11853.23
345,Product_345,Toys,3452.93
346,Product_346,Electronics,3729.72
347,Product_347,Books,175.06
348,Product_348,Clothing,825.97
349,Product_349,Sports,5939.49
350,Product_350,Electronics,27051.15
351,Product_351,Sports,9444.1
352,Product_352,Grocery,1404.78
353,Product_353,Clothing,1611.07
354,Product_354,Sports,1866.51
355,Product_355,Electronics,42551.9
356,Product_356,Electronics,23251.39
357,Product_357,Home,9906.0
358,Product_358,Books,1173.77
359,Product_359,Clothing,715.79
360,Product_360,Beauty,265.47
361,Product_361,Toys,1947.39
362,Product_362,Books,786.95
363,Product_363,Beauty,2054.01
364,Product_364,Grocery,1282.79
365,Product_365,Sports,9698.73
366,Product_366,Beauty,2588.49
367,Product_367,Beauty,1540.09
368,Product_368,Toys,2550.12
369,Product_369,Electronics,33869.4
370,Product_370,Electronics,6147.48
371,Product_371,Electronics,49994.58
372,Product_372,Beauty,1604.54
373,Product_373,Sports,9126.08
374,Product_374,Clothing,4843.31
375,Product_375,Toys,2950.05
376,Product_376,Home,1819.23
377,Product_377,Grocery,1168.02
378,Product_378,Sports,6097.13
379,Product_379,Toys,3967.05
380,Product_380,Grocery,144.05
381,Product_381,Grocery,959.31
382,Product_382,Toys,4621.57
383,Product_383,Electronics,49569.3
384,Product_384,Sports,2156.41
385,Product_385,Clothing,4378.88
386,Product_386,Books,377.88
387,Product_387,Electronics,42138.13
388,Product_388,Clothing,1530.93
389,Product_389,Books,1923.29
390,Product_390,Home,10523.8
391,Product_391,Sports,4171.37
392,Product_392,Home,4430.31
393,Product_393,Toys,1252.66
394,Product_394,Beauty,2074.3
395,Product_395,Sports,8989.17
396,Product_396,Toys,3799.22
397,Product_397,Books,1686.1
398,Product_398,Beauty,2366.01
399,Product_399,Clothing,4899.91
400,Product_400,Beauty,2297.63
401,Product_401,Books,499.43
402,Product_402,Books,1604.04
403,Product_403,Clothing,1745.93
404,Product_404,Home,14938.26
405,Product_405,Electronics,19145.29
406,Product_406,Grocery,620.95
407,Product_407,Home,3816.47
408,Product_408,Grocery,1334.1
409,Product_409,Toys,635.18
410,Product_410,Grocery,1909.44
411,Product_411,Beauty,953.51
412,Product_412,Clothing,1617.92
413,Product_413,Beauty,233.59
414,Product_414,Grocery,529.73
415,Product_415,Books,896.06
416,Product_416,Toys,1911.07
417,Product_417,Toys,1437.8
418,Product_418,Electronics,2516.82
419,Product_419,Sports,3215.64
420,Product_420,Sports,7849.81
421,Product_421,Sports,4556.29
422,Product_422,Beauty,943.25
423,Product_423,Grocery,644.34
424,Product_424,Sports,5678.04
425,Product_425,Clothing,1651.0
426,Product_426,Electronics,31724.47
427,Product_427,Toys,4948.33
428,Product_428,Grocery,130.29
429,Product_429,Books,420.6
430,Product_430,Home,2932.88
431,Product_431,Books,949.43
432,Product_432,Clothing,398.81
433,Product_433,Electronics,24137.32
434,Product_434,Home,13955.19
435,Product_435,Sports,412.17
436,Product_436,Home,5664.6
437,Product_437,Grocery,1533.74
438,Product_438,Toys,857.02
439,Product_439,Beauty,324.92
440,Product_440,Beauty,1929.26
441,Product_441,Sports,396.52
442,Product_442,Grocery,1613.45
443,Product_443,Sports,948.47
444,Product_444,Clothing,2716.9
445,Product_445,Clothing,3752.61
446,Product_446,Books,559.82
447,Product_447,Toys,607.35
448,Product_448,Beauty,609.31
449,Product_449,Electronics,42806.84
450,Product_450,Clothing,3587.75
451,Product_451,Electronics,10305.85
452,Product_452,Books,1460.63
453,Product_453,Beauty,2154.99
454,Product_454,Clothing,4989.08
455,Product_455,Electronics,19882.02
456,Product_456,Books,1743.22
457,Product_457,Electronics,22598.91
458,Product_458,Clothing,4509.25
459,Product_459,Sports,1188.52
460,Product_460,Books,433.09
461,Product_461,Grocery,1707.41
462,Product_462,Books,1656.67
463,Product_463,Home,4789.88
464,Product_464,Sports,6088.94
465,Product_465,Books,827.13
466,Product_466,Home,451.67
467,Product_467,Electronics,1792.15
468,Product_468,Clothing,460.43
469,Product_469,Books,1228.74
470,Product_470,Beauty,909.76
471,Product_471,Clothing,890.95
472,Product_472,Sports,9428.97
473,Product_473,Home,2083.38
474,Product_474,Clothing,3435.11
475,Product_475,Home,13444.15
476,Product_476,Sports,1889.15
477,Product_477,Sports,2382.88
478,Product_478,Clothing,2954.3
479,Product_479,Grocery,1041.47
480,Product_480,Books,1089.95
481,Product_481,Beauty,1708.57
482,Product_482,Books,1904.82
483,Product_483,Toys,363.81
484,Product_484,Beauty,2305.3
485,Product_485,Grocery,503.39
486,Product_486,Home,5793.06
487,Product_487,Clothing,628.6
488,Product_488,Electronics,22558.53
489,Product_489,Sports,8100.93
490,Product_490,Books,287.61
491,Product_491,Home,4351.37
492,Product_492,Sports,3918.7
493,Product_493,Home,1827.32
494,Product_494,Clothing,3859.12
495,Product_495,Home,11868.12
496,Product_496,Home,12587.66
497,Product_497,Toys,2961.09
498,Product_498,Electronics,25608.32
499,Product_499,Home,4159.52
500,Product_500,Beauty,1999.96
501,Product_501,Home,6835.08
502,Product_502,Home,14570.41
503,Product_503,Clothing,4847.26
504,Product_504,Home,13606.52
505,Product_505,Toys,1864.44
506,Product_506,Electronics,18714.64
507,Product_507,Grocery,1712.71
508,Product_508,Clothing,3699.85
509,Product_509,Grocery,1423.5
510,Product_510,Toys,1470.09
511,Product_511,Sports,8383.48
512,Product_512,Grocery,1179.87
513,Product_513,Beauty,1395.91
514,Product_514,Beauty,2609.72
515,Product_515,Grocery,818.71
516,Product_516,Grocery,1325.16
517,Product_517,Sports,4819.28
518,Product_518,Home,9013.25
519,Product_519,Electronics,2507.05
520,Product_520,Electronics,23325.2
521,Product_521,Electronics,28046.32
522,Product_522,Electronics,24889.61
523,Product_523,Toys,4252.31
524,Product_524,Home,4873.52
525,Product_525,Sports,8875.54
526,Product_526,Grocery,836.75
527,Product_527,Toys,3503.18
528,Product_528,Toys,524.94
529,Product_529,Sports,2241.49
530,Product_530,Grocery,1534.27
531,Product_531,Beauty,135.75
532,Product_532,Sports,9694.72
533,Product_533,Electronics,9936.13
534,Product_534,Home,13549.17
535,Product_535,Toys,2628.13
536,Product_536,Clothing,2909.96
537,Product_537,Clothing,603.83
538,Product_538,Electronics,18578.33
539,Product_539,Books,396.82
540,Product_540,Beauty,1625.2
541,Product_541,Grocery,1123.93
542,Product_542,Grocery,1433.85
543,Product_543,Toys,4403.56
544,Product_544,Clothing,2447.26
545,Product_545,Books,543.38
546,Product_546,Electronics,17011.8
547,Product_547,Toys,4250.74
548,Product_548,Toys,814.73
549,Product_549,Toys,3173.55
550,Product_550,Grocery,75.52
551,Product_551,Home,3911.34
552,Product_552,Clothing,3038.76
553,Product_553,Electronics,23092.4
554,Product_554,Clothing,2569.04
555,Product_555,Home,10010.26
556,Product_556,Sports,2575.48
557,Product_557,Grocery,597.57
558,Product_558,Sports,6939.24
559,Product_559,Home,8212.88
560,Product_560,Home,514.43
561,Product_561,Sports,6802.18
562,Product_562,Home,9415.35
563,Product_563,Toys,485.18
564,Product_564,Home,11288.54
565,Product_565,Home,7974.89
566,Product_566,Sports,2286.05
567,Product_567,Sports,5725.76
568,Product_568,Books,1231.37
569,Product_569,Grocery,1844.23
570,Product_570,Grocery,1497.18
571,Product_571,Clothing,1649.24
572,Product_572,Sports,1445.89
573,Product_573,Clothing,4295.28
574,Product_574,Toys,4245.73
575,Product_575,Toys,959.02
576,Product_576,Grocery,171.16
577,Product_577,Sports,7205.09
578,Product_578,Beauty,2195.49
579,Product_579,Clothing,1050.29
580,Product_580,Grocery,1353.01
581,Product_581,Grocery,593.9
582,Product_582,Home,4131.07
583,Product_583,Beauty,1041.1
584,Product_584,Books,1088.75
585,Product_585,Sports,8103.2
586,Product_586,Grocery,1022.36
587,Product_587,Sports,3191.01
588,Product_588,Books,1779.55
589,Product_589,Beauty,259.76
590,Product_590,Electronics,39956.03
591,Product_591,Toys,3943.47
592,Product_592,Home,4027.14
593,Product_593,Clothing,1151.82
594,Product_594,Beauty,2636.63
595,Product_595,Clothing,2882.58
596,Product_596,Sports,746.31
597,Product_597,Electronics,44596.21
598,Product_598,Books,763.11
599,Product_599,Electronics,17436.75
600,Product_600,Clothing,3287.78
601,Product_601,Books,1356.49
602,Product_602,Toys,1831.25
603,Product_603,Sports,1689.81
604,Product_604,Books,1149.31
605,Product_605,Toys,3163.38
606,Product_606,Books,1734.42
607,Product_607,Electronics,24479.78
608,Product_608,Home,9791.73
609,Product_609,Sports,827.77
610,Product_610,Beauty,2694.12
611,Product_611,Grocery,688.07
612,Product_612,Beauty,1933.44
613,Product_613,Beauty,2756.55
614,Product_614,Home,12214.73
615,Product_615,Sports,6485.73
616,Product_616,Books,1436.85
617,Product_617,Clothing,4620.34
618,Product_618,Clothing,4098.05
619,Product_619,Sports,6215.63
620,Product_620,Home,9982.93
621,Product_621,Sports,1728.5
622,Product_622,Grocery,966.83
623,Product_623,Clothing,1644.79
624,Product_624,Sports,4490.12
625,Product_625,Beauty,2020.52
626,Product_626,Grocery,340.84
627,Product_627,Toys,185.14
628,Product_628,Books,854.16
629,Product_629,Sports,3425.19
630,Product_630,Grocery,869.84
631,Product_631,Grocery,1865.88
632,Product_632,Books,1443.46
633,Product_633,Electronics,16709.21
634,Product_634,Sports,2039.0
635,Product_635,Clothing,3168.7
636,Product_636,Grocery,1332.27
637,Product_637,Toys,2469.75
638,Product_638,Clothing,1221.25
639,Product_639,Grocery,105.68
640,Product_640,Toys,1401.74
641,Product_641,Books,968.62
642,Product_642,Clothing,3982.08
643,Product_643,Beauty,2575.89
644,Product_644,Clothing,2182.09
645,Product_645,Electronics,39908.14
646,Product_646,Sports,9935.52
647,Product_647,Home,10834.17
648,Product_648,Clothing,3697.28
649,Product_649,Sports,9122.5
650,Product_650,Grocery,709.38
651,Product_651,Grocery,71.85
652,Product_652,Beauty,2962.23
653,Product_653,Sports,5057.54
654,Product_654,Clothing,3971.25
655,Product_655,Clothing,4099.96
656,Product_656,Books,855.28
657,Product_657,Toys,2752.24
658,Product_658,Clothing,2791.59
659,Product_659,Electronics,11400.69
660,Product_660,Sports,1441.1
661,Product_661,Books,1132.79
662,Product_662,Grocery,284.28
663,Product_663,Toys,1795.83
664,Product_664,Home,3035.42
665,Product_665,Electronics,35492.35
666,Product_666,Home,13118.53
667,Product_667,Grocery,1176.93
668,Product_668,Clothing,2168.75
669,Product_669,Home,14950.65
670,Product_670,Home,611.77
671,Product_671,Electronics,15564.88
672,Product_672,Grocery,593.41
673,Product_673,Electronics,18132.08
674,Product_674,Sports,2536.78
675,Product_675,Home,4184.66
676,Product_676,Electronics,13255.02
677,Product_677,Sports,5205.72
678,Product_678,Home,6048.51
679,Product_679,Toys,3232.47
680,Product_680,Home,7861.7
681,Product_681,Books,448.5
682,Product_682,Grocery,1629.59
683,Product_683,Clothing,2466.54
684,Product_684,Toys,850.83
685,Product_685,Grocery,375.42
686,Product_686,Electronics,39949.94
687,Product_687,Beauty,2138.68
688,Product_688,Toys,2581.99
689,Product_689,Books,681.55
690,Product_690,Grocery,948.02
691,Product_691,Electronics,32005.94
692,Product_692,Books,1770.64
693,Product_693,Clothing,2868.17
694,Product_694,Books,625.8
695,Product_695,Books,181.21
696,Product_696,Sports,2001.91
697,Product_697,Toys,3285.87
698,Product_698,Electronics,8441.63
699,Product_699,Toys,2459.54
700,Product_700,Home,10574.64
701,Product_701,Beauty,993.85
702,Product_702,Sports,6790.33
703,Product_703,Toys,2947.25
704,Product_704,Electronics,22227.49
705,Product_705,Sports,9003.28
706,Product_706,Toys,3491.09
707,Product_707,Home,5600.78
708,Product_708,Books,1628.1
709,Product_709,Beauty,2240.5
710,Product_710,Toys,3979.25
711,Product_711,Toys,3240.68
712,Product_712,Home,5876.75
713,Product_713,Beauty,1110.88
714,Product_714,Sports,6645.27
715,Product_715,Books,348.71
716,Product_716,Books,1657.84
717,Product_717,Electronics,18831.6
718,Product_718,Beauty,1928.08
719,Product_719,Grocery,1023.17
720,Product_720,Home,7934.1
721,Product_721,Beauty,2240.22
722,Product_722,Grocery,1272.01
723,Product_723,Toys,1326.51
724,Product_724,Sports,1019.99
725,Product_725,Books,1696.44
726,Product_726,Sports,8883.47
727,Product_727,Sports,1895.62
728,Product_728,Toys,1616.44
729,Product_729,Electronics,14475.95
730,Product_730,Grocery,1878.02
731,Product_731,Sports,2286.34
732,Product_732,Electronics,8743.69
733,Product_733,Toys,991.01
734,Product_734,Toys,3676.36
735,Product_735,Clothing,4462.5
736,Product_736,Beauty,1240.77
737,Product_737,Grocery,315.36
738,Product_738,Books,1212.87
739,Product_739,Books,498.88
740,Product_740,Home,1243.03
741,Product_741,Books,1783.84
742,Product_742,Electronics,43606.64
743,Product_743,Books,1954.23
744,Product_744,Electronics,23963.24
745,Product_745,Books,658.6
746,Product_746,Home,11615.82
747,Product_747,Beauty,623.44
748,Product_748,Sports,2659.93
749,Product_749,Beauty,841.48
750,Product_750,Electronics,47605.16
751,Product_751,Grocery,1473.15
752,Product_752,Toys,755.1
753,Product_753,Sports,1200.61
754,Product_754,Clothing,4245.51
755,Product_755,Home,12093.43
756,Product_756,Beauty,2045.88
757,Product_757,Sports,2202.18
758,Product_758,Home,7360.17
759,Product_759,Beauty,1847.91
760,Product_760,Electronics,46640.81
761,Product_761,Electronics,8886.48
762,Product_762,Toys,2625.69
763,Product_763,Grocery,357.62
764,Product_764,Grocery,915.51
765,Product_765,Electronics,10406.68
766,Product_766,Grocery,1680.56
767,Product_767,Clothing,1422.73
768,Product_768,Books,892.5
769,Product_769,Electronics,20685.49
770,Product_770,Grocery,1739.28
771,Product_771,Electronics,38010.97
772,Product_772,Books,209.39
773,Product_773,Electronics,3820.83
774,Product_774,Sports,5646.61
775,Product_775,Toys,2195.82
776,Product_776,Home,4351.09
777,Product_777,Clothing,4004.58
778,Product_778,Beauty,473.04
779,Product_779,Books,1950.71
780,Product_780,Grocery,97.0
781,Product_781,Grocery,280.55
782,Product_782,Toys,1625.45
783,Product_783,Toys,2594.83
784,Product_784,Books,510.66
785,Product_785,Books,1498.81
786,Product_786,Clothing,1916.2
787,Product_787,Home,866.51
788,Product_788,Toys,4400.84
789,Product_789,Electronics,47221.35
790,Product_790,Books,1275.27
791,Product_791,Electronics,40423.55
792,Product_792,Beauty,451.22
793,Product_793,Books,610.76
794,Product_794,Toys,1693.64
795,Product_795,Clothing,4811.62
796,Product_796,Clothing,2658.67
797,Product_797,Toys,136.33
798,Product_798,Toys,1962.91
799,Product_799,Beauty,122.48
800,Product_800,Clothing,1341.47
801,Product_801,Clothing,2382.56
802,Product_802,Clothing,1752.29
803,Product_803,Books,162.2
804,Product_804,Beauty,437.37
805,Product_805,Books,1146.68
806,Product_806,Beauty,2117.25
807,Product_807,Grocery,838.87
808,Product_808,Home,11052.78
809,Product_809,Clothing,984.0
810,Product_810,Home,2094.25
811,Product_811,Grocery,1686.93
812,Product_812,Sports,3590.37
813,Product_813,Sports,4492.8
814,Product_814,Clothing,4748.39
815,Product_815,Electronics,21493.56
816,Product_816,Toys,117.1
817,Product_817,Sports,9398.33
818,Product_818,Electronics,1198.87
819,Product_819,Grocery,1341.46
820,Product_820,Home,5046.5
821,Product_821,Clothing,2457.88
822,Product_822,Toys,2781.7
823,Product_823,Home,6304.36
824,Product_824,Books,1571.3
825,Product_825,Home,13981.38
826,Product_826,Beauty,350.59
827,Product_827,Clothing,4041.21
828,Product_828,Beauty,473.15
829,Product_829,Home,1480.07
830,Product_830,Electronics,47813.66
831,Product_831,Clothing,2548.63
832,Product_832,Clothing,932.5
833,Product_833,Sports,5828.58
834,Product_834,Electronics,13530.24
835,Product_835,Books,982.19
836,Product_836,Electronics,31420.65
837,Product_837,Grocery,1745.08
838,Product_838,Home,345.3
839,Product_839,Grocery,467.57
840,Product_840,Home,1715.18
841,Product_841,Home,1727.34
842,Product_842,Sports,9474.04
843,Product_843,Electronics,46836.11
844,Product_844,Beauty,2272.99
845,Product_845,Electronics,32331.62
846,Product_846,Beauty,2559.11
847,Product_847,Clothing,480.36
848,Product_848,Beauty,446.51
849,Product_849,Toys,1653.85
850,Product_850,Clothing,4195.96
851,Product_851,Grocery,970.85
852,Product_852,Grocery,1031.97
853,Product_853,Books,535.6
854,Product_854,Books,1331.94
855,Product_855,Toys,4450.43
856,Product_856,Home,5143.86
857,Product_857,Toys,3134.01
858,Product_858,Electronics,16931.47
859,Product_859,Home,11952.97
860,Product_860,Electronics,24010.51
861,Product_861,Beauty,1084.46
862,Product_862,Grocery,869.1
863,Product_863,Grocery,227.89
864,Product_864,Electronics,43372.8
865,Product_865,Grocery,1918.23
866,Product_866,Beauty,1484.5
867,Product_867,Electronics,11456.19
868,Product_868,Toys,3356.82
869,Product_869,Toys,2316.67
870,Product_870,Toys,1336.27
871,Product_871,Toys,288.32
872,Product_872,Clothing,4470.58
873,Product_873,Beauty,2410.53
874,Product_874,Toys,4162.13
875,Product_875,Home,6765.64
876,Product_876,Home,11372.85
877,Product_877,Home,8844.01
878,Product_878,Home,5809.2
879,Product_879,Clothing,4245.16
880,Product_880,Clothing,4994.04
881,Product_881,Sports,9023.04
882,Product_882,Sports,7829.06
883,Product_883,Toys,3762.79
884,Product_884,Sports,6607.41
885,Product_885,Books,1721.87
886,Product_886,Toys,2516.1
887,Product_887,Sports,2062.78
888,Product_888,Electronics,38518.46
889,Product_889,Books,1847.06
890,Product_890,Beauty,1089.92
891,Product_891,Home,11809.85
892,Product_892,Electronics,14049.27
893,Product_893,Books,1890.94
894,Product_894,Toys,3448.96
895,Product_895,Clothing,2932.52
896,Product_896,Home,11764.09
897,Product_897,Beauty,2458.37
898,Product_898,Beauty,2687.87
899,Product_899,Toys,4515.49
900,Product_900,Toys,358.19
901,Product_901,Clothing,789.96
902,Product_902,Home,12443.09
903,Product_903,Sports,9476.7
904,Product_904,Home,4822.78
905,Product_905,Home,426.45
906,Product_906,Beauty,1035.85
907,Product_907,Grocery,796.59
908,Product_908,Clothing,3852.96
909,Product_909,Home,999.49
910,Product_910,Electronics,11025.69
911,Product_911,Electronics,44751.45
912,Product_912,Toys,858.62
913,Product_913,Clothing,3844.39
914,Product_914,Sports,3804.71
915,Product_915,Books,1359.05
916,Product_916,Home,1385.54
917,Product_917,Books,644.46
918,Product_918,Home,6544.41
919,Product_919,Beauty,2585.92
920,Product_920,Home,8583.39
921,Product_921,Books,185.93
922,Product_922,Sports,8078.11
923,Product_923,Home,1101.47
924,Product_924,Home,14035.19
925,Product_925,Toys,1137.42
926,Product_926,Beauty,1514.99
927,Product_927,Grocery,190.95
928,Product_928,Grocery,1145.34
929,Product_929,Electronics,25112.82
930,Product_930,Electronics,20807.3
931,Product_931,Toys,274.31
932,Product_932,Sports,8825.68
933,Product_933,Clothing,4052.66
934,Product_934,Clothing,3238.54
935,Product_935,Beauty,1759.47
936,Product_936,Books,1420.4
937,Product_937,Books,373.58
938,Product_938,Home,14009.87
939,Product_939,Grocery,605.11
940,Product_940,Grocery,1330.16
941,Product_941,Beauty,1859.59
942,Product_942,Books,1309.57
943,Product_943,Electronics,44008.13
944,Product_944,Toys,1549.96
945,Product_945,Sports,7564.8
946,Product_946,Grocery,1216.86
947,Product_947,Grocery,198.32
948,Product_948,Clothing,2187.94
949,Product_949,Toys,4205.96
950,Product_950,Home,4935.61
951,Product_951,Toys,2463.09
952,Product_952,Clothing,2545.47
953,Product_953,Electronics,31091.49
954,Product_954,Home,13295.06
955,Product_955,Electronics,9090.19
956,Product_956,Clothing,2622.16
957,Product_957,Clothing,2236.48
958,Product_958,Electronics,15148.04
959,Product_959,Home,13818.24
960,Product_960,Electronics,904.47
961,Product_961,Home,2094.94
962,Product_962,Beauty,2226.7
963,Product_963,Beauty,863.98
964,Product_964,Home,10930.74
965,Product_965,Electronics,41696.55
966,Product_966,Toys,1347.62
967,Product_967,Toys,1040.53
968,Product_968,Home,2435.92
969,Product_969,Grocery,440.17
970,Product_970,Clothing,1482.49
971,Product_971,Grocery,1744.06
972,Product_972,Toys,3873.02
973,Product_973,Electronics,591.29
974,Product_974,Books,1760.83
975,Product_975,Home,1458.54
976,Product_976,Clothing,3345.27
977,Product_977,Sports,1769.31
978,Product_978,Clothing,498.92
979,Product_979,Books,1543.56
980,Product_980,Home,7167.89
981,Product_981,Electronics,30153.59
982,Product_982,Electronics,21554.97
983,Product_983,Beauty,294.8
984,Product_984,Books,1505.27
985,Product_985,Home,12359.16
986,Product_986,Clothing,398.82
987,Product_987,Clothing,2003.44
988,Product_988,Books,1158.9
989,Product_989,Home,9196.2
990,Product_990,Clothing,2975.13
991,Product_991,Toys,3495.41
992,Product_992,Sports,9678.12
993,Product_993,Books,842.11
994,Product_994,Beauty,1714.21
995,Product_995,Electronics,35104.39
996,Product_996,Grocery,1205.23
997,Product_997,Clothing,2056.4
998,Product_998,Sports,6353.57
999,Product_999,Home,9856.64
1000,Product_1000,Clothing,3007.85
1001,Product_1001,Books,489.71
1002,Product_1002,Home,7737.93
1003,Product_1003,Grocery,1774.5
1004,Product_1004,Sports,8725.44
1005,Product_1005,Sports,7582.64
1006,Product_1006,Toys,3516.26
1007,Product_1007,Electronics,8087.32
1008,Product_1008,Home,7054.13
1009,Product_1009,Beauty,421.76
1010,Product_1010,Grocery,1643.7
1011,Product_1011,Electronics,14906.64
1012,Product_1012,Home,11572.93
1013,Product_1013,Toys,4091.44
1014,Product_1014,Home,13419.69
1015,Product_1015,Toys,3793.77
1016,Product_1016,Sports,5777.87
1017,Product_1017,Books,1236.55
1018,Product_1018,Sports,3409.65
1019,Product_1019,Home,2901.84
1020,Product_1020,Books,348.21
1021,Product_1021,Books,445.84
1022,Product_1022,Sports,9359.33
1023,Product_1023,Toys,905.72
1024,Product_1024,Toys,3646.31
1025,Product_1025,Toys,1004.68
1026,Product_1026,Home,14636.76
1027,Product_1027,Home,5688.79
1028,Product_1028,Books,883.06
1029,Product_1029,Electronics,20523.32
1030,Product_1030,Electronics,40914.73
1031,Product_1031,Beauty,733.04
1032,Product_1032,Electronics,41635.72
1033,Product_1033,Clothing,3353.88
1034,Product_1034,Grocery,479.55
1035,Product_1035,Clothing,513.96
1036,Product_1036,Sports,7817.43
1037,Product_1037,Books,516.03
1038,Product_1038,Clothing,4467.52
1039,Product_1039,Electronics,6924.37
1040,Product_1040,Books,1271.09
1041,Product_1041,Grocery,1399.73
1042,Product_1042,Beauty,2007.34
1043,Product_1043,Home,4945.64
1044,Product_1044,Beauty,2639.02
1045,Product_1045,Grocery,1551.12
1046,Product_1046,Electronics,25755.21
1047,Product_1047,Grocery,1226.42
1048,Product_1048,Electronics,28535.38
1049,Product_1049,Grocery,1896.06
1050,Product_1050,Electronics,44872.46
1051,Product_1051,Sports,2584.32
1052,Product_1052,Clothing,1461.25
1053,Product_1053,Grocery,1963.8
1054,Product_1054,Electronics,12209.75
1055,Product_1055,Grocery,1909.28
1056,Product_1056,Home,9851.38
1057,Product_1057,Clothing,440.53
1058,Product_1058,Clothing,1811.49
1059,Product_1059,Sports,4918.69
1060,Product_1060,Beauty,2515.97
1061,Product_1061,Books,724.31
1062,Product_1062,Clothing,1690.78
1063,Product_1063,Clothing,4617.26
1064,Product_1064,Electronics,4412.2
1065,Product_1065,Home,8407.36
1066,Product_1066,Electronics,25459.84
1067,Product_1067,Home,1142.82
1068,Product_1068,Clothing,621.24
1069,Product_1069,Home,5914.92
1070,Product_1070,Electronics,7140.98
1071,Product_1071,Electronics,24164.56
1072,Product_1072,Beauty,1865.78
1073,Product_1073,Grocery,1398.22
1074,Product_1074,Sports,5600.76
1075,Product_1075,Beauty,1201.01
1076,Product_1076,Clothing,822.84
1077,Product_1077,Home,3938.04
1078,Product_1078,Electronics,21261.37
1079,Product_1079,Electronics,46243.67
1080,Product_1080,Grocery,445.07
1081,Product_1081,Electronics,20960.54
1082,Product_1082,Grocery,1478.0
1083,Product_1083,Books,1439.89
1084,Product_1084,Electronics,48296.83
1085,Product_1085,Books,462.71
1086,Product_1086,Clothing,279.29
1087,Product_1087,Sports,3426.54
1088,Product_1088,Grocery,341.9
1089,Product_1089,Beauty,1690.56
1090,Product_1090,Books,1807.68
1091,Product_1091,Beauty,2095.86
1092,Product_1092,Grocery,314.81
1093,Product_1093,Books,320.57
1094,Product_1094,Electronics,45616.77
1095,Product_1095,Electronics,24636.67
1096,Product_1096,Home,13877.99
1097,Product_1097,Electronics,36942.78
1098,Product_1098,Beauty,2980.71
1099,Product_1099,Home,13107.05
1100,Product_1100,Toys,2129.64
1101,Product_1101,Home,11445.95
1102,Product_1102,Electronics,23825.79
1103,Product_1103,Toys,1242.05
1104,Product_1104,Toys,1281.04
1105,Product_1105,Home,6140.64
1106,Product_1106,Sports,1381.22
1107,Product_1107,Electronics,9299.43
1108,Product_1108,Sports,5155.9
1109,Product_1109,Electronics,47719.16
1110,Product_1110,Books,1197.6
1111,Product_1111,Sports,4262.42
1112,Product_1112,Grocery,523.27
1113,Product_1113,Toys,1059.92
1114,Product_1114,Electronics,33091.15
1115,Product_1115,Grocery,1704.23
1116,Product_1116,Grocery,827.77
1117,Product_1117,Beauty,1696.91
1118,Product_1118,Books,1442.78
1119,Product_1119,Books,210.76
1120,Product_1120,Books,766.7
1121,Product_1121,Grocery,1473.02
1122,Product_1122,Electronics,34388.64
1123,Product_1123,Beauty,254.71
1124,Product_1124,Clothing,1341.53
1125,Product_1125,Books,1391.92
1126,Product_1126,Clothing,1502.8
1127,Product_1127,Electronics,40813.31
1128,Product_1128,Grocery,107.53
1129,Product_1129,Books,461.66
1130,Product_1130,Beauty,915.81
1131,Product_1131,Beauty,2783.34
1132,Product_1132,Books,1613.01
1133,Product_1133,Toys,4432.31
1134,Product_1134,Home,6775.04
1135,Product_1135,Home,12391.66
1136,Product_1136,Books,1721.64
1137,Product_1137,Grocery,829.92
1138,Product_1138,Toys,4972.86
1139,Product_1139,Sports,8557.01
1140,Product_1140,Home,14619.23
1141,Product_1141,Electronics,43391.61
1142,Product_1142,Home,11710.19
1143,Product_1143,Home,14174.5
1144,Product_1144,Toys,2157.11
1145,Product_1145,Electronics,39275.0
1146,Product_1146,Electronics,11038.11
1147,Product_1147,Toys,3690.69
1148,Product_1148,Sports,7917.93
1149,Product_1149,Beauty,2177.92
1150,Product_1150,Home,12792.25
1151,Product_1151,Grocery,856.0
1152,Product_1152,Books,1135.06
1153,Product_1153,Books,120.27
1154,Product_1154,Clothing,901.06
1155,Product_1155,Beauty,1968.16
1156,Product_1156,Electronics,28334.7
1157,Product_1157,Books,474.93
1158,Product_1158,Toys,1292.98
1159,Product_1159,Home,5358.01
1160,Product_1160,Sports,7249.22
1161,Product_1161,Toys,3087.61
1162,Product_1162,Grocery,185.66
1163,Product_1163,Clothing,3847.71
1164,Product_1164,Beauty,861.71
1165,Product_1165,Home,10174.87
1166,Product_1166,Grocery,290.56
1167,Product_1167,Electronics,49897.1
1168,Product_1168,Beauty,332.97
1169,Product_1169,Toys,3734.5
1170,Product_1170,Toys,2752.52
1171,Product_1171,Clothing,612.51
1172,Product_1172,Grocery,102.28
1173,Product_1173,Electronics,18451.95
1174,Product_1174,Clothing,4050.67
1175,Product_1175,Home,904.92
1176,Product_1176,Beauty,2142.76
1177,Product_1177,Sports,6657.15
1178,Product_1178,Toys,1401.13
1179,Product_1179,Home,1439.13
1180,Product_1180,Books,1839.11
1181,Product_1181,Home,4715.14
1182,Product_1182,Sports,1380.42
1183,Product_1183,Sports,6910.72
1184,Product_1184,Books,511.69
1185,Product_1185,Books,1003.7
1186,Product_1186,Electronics,2995.07
1187,Product_1187,Clothing,4966.32
1188,Product_1188,Home,6880.03
1189,Product_1189,Electronics,49955.94
1190,Product_1190,Books,832.78
1191,Product_1191,Electronics,17718.7
1192,Product_1192,Home,13744.21
1193,Product_1193,Clothing,1781.44
1194,Product_1194,Sports,4490.45
1195,Product_1195,Home,1448.22
1196,Product_1196,Clothing,4786.22
1197,Product_1197,Sports,1125.97
1198,Product_1198,Toys,3878.81
1199,Product_1199,Toys,2739.22
1200,Product_1200,Toys,400.89
1201,Product_1201,Beauty,104.94
1202,Product_1202,Home,14052.64
1203,Product_1203,Toys,3736.65
1204,Product_1204,Books,1404.23
1205,Product_1205,Grocery,905.19
1206,Product_1206,Home,3807.62
1207,Product_1207,Books,1391.74
1208,Product_1208,Clothing,3119.85
1209,Product_1209,Electronics,36453.94
1210,Product_1210,Electronics,18606.73
1211,Product_1211,Grocery,1974.5
1212,Product_1212,Clothing,521.64
1213,Product_1213,Home,1471.61
1214,Product_1214,Home,13778.07
1215,Product_1215,Books,1330.64
1216,Product_1216,Grocery,686.35
1217,Product_1217,Home,11500.71
1218,Product_1218,Beauty,1413.04
1219,Product_1219,Books,140.13
1220,Product_1220,Grocery,1319.65
1221,Product_1221,Electronics,12534.04
1222,Product_1222,Grocery,274.9
1223,Product_1223,Grocery,489.28
1224,Product_1224,Toys,2433.17
1225,Product_1225,Beauty,244.58
1226,Product_1226,Home,13282.34
1227,Product_1227,Toys,2843.6
1228,Product_1228,Electronics,15003.31
1229,Product_1229,Toys,3466.32
1230,Product_1230,Books,1628.05
1231,Product_1231,Home,9324.69
1232,Product_1232,Books,484.74
1233,Product_1233,Home,1921.24
1234,Product_1234,Clothing,4327.52
1235,Product_1235,Electronics,12117.03
1236,Product_1236,Grocery,89.16
1237,Product_1237,Home,9750.66
1238,Product_1238,Sports,1782.99
1239,Product_1239,Sports,9912.41
1240,Product_1240,Toys,4361.68
1241,Product_1241,Toys,3081.38
1242,Product_1242,Books,1684.34
1243,Product_1243,Home,7216.87
1244,Product_1244,Toys,3963.58
1245,Product_1245,Clothing,3303.36
1246,Product_1246,Books,154.42
1247,Product_1247,Home,14246.74
1248,Product_1248,Toys,4318.51
1249,Product_1249,Toys,4771.7
1250,Product_1250,Grocery,1476.16
1251,Product_1251,Grocery,853.52
1252,Product_1252,Sports,2307.76
1253,Product_1253,Electronics,9409.82
1254,Product_1254,Toys,810.09
1255,Product_1255,Clothing,1258.93
1256,Product_1256,Home,8394.35
1257,Product_1257,Toys,3450.35
1258,Product_1258,Sports,3346.35
1259,Product_1259,Toys,2788.86
1260,Product_1260,Toys,1772.14
1261,Product_1261,Electronics,34977.24
1262,Product_1262,Sports,9888.32
1263,Product_1263,Books,1409.13
1264,Product_1264,Clothing,483.35
1265,Product_1265,Books,1006.75
1266,Product_1266,Beauty,2334.12
1267,Product_1267,Grocery,1107.37
1268,Product_1268,Home,14280.63
1269,Product_1269,Books,204.07
1270,Product_1270,Electronics,14912.2
1271,Product_1271,Clothing,1259.45
1272,Product_1272,Toys,3861.35
1273,Product_1273,Grocery,1071.4
1274,Product_1274,Grocery,319.77
1275,Product_1275,Toys,1499.41
1276,Product_1276,Clothing,2708.76
1277,Product_1277,Toys,4981.03
1278,Product_1278,Toys,1885.03
1279,Product_1279,Beauty,554.8
1280,Product_1280,Beauty,1541.49
1281,Product_1281,Grocery,654.86
1282,Product_1282,Home,8619.71
1283,Product_1283,Books,986.75
1284,Product_1284,Home,10435.5
1285,Product_1285,Books,1837.15
1286,Product_1286,Books,480.98
1287,Product_1287,Toys,4123.78
1288,Product_1288,Clothing,4756.48
1289,Product_1289,Books,809.86
1290,Product_1290,Home,1970.84
1291,Product_1291,Grocery,1652.73
1292,Product_1292,Home,10606.11
1293,Product_1293,Beauty,716.87
1294,Product_1294,Clothing,2337.07
1295,Product_1295,Grocery,1177.08
1296,Product_1296,Grocery,381.22
1297,Product_1297,Sports,7234.65
1298,Product_1298,Sports,6991.86
1299,Product_1299,Grocery,1779.9
1300,Product_1300,Electronics,28580.01
1301,Product_1301,Beauty,1765.51
1302,Product_1302,Electronics,31159.67
1303,Product_1303,Clothing,1514.16
1304,Product_1304,Toys,3817.17
1305,Product_1305,Sports,6726.24
1306,Product_1306,Toys,4211.81
1307,Product_1307,Sports,7755.28
1308,Product_1308,Grocery,1295.22
1309,Product_1309,Sports,1860.65
1310,Product_1310,Electronics,45997.79
1311,Product_1311,Toys,1899.34
1312,Product_1312,Home,14475.19
1313,Product_1313,Electronics,20392.6
1314,Product_1314,Toys,815.1
1315,Product_1315,Sports,8882.95
1316,Product_1316,Beauty,2405.67
1317,Product_1317,Beauty,2380.26
1318,Product_1318,Books,269.88
1319,Product_1319,Toys,4408.47
1320,Product_1320,Electronics,30021.83
1321,Product_1321,Grocery,967.19
1322,Product_1322,Books,1835.03
1323,Product_1323,Books,1365.48
1324,Product_1324,Electronics,7085.03
1325,Product_1325,Books,1087.12
1326,Product_1326,Clothing,3255.76
1327,Product_1327,Electronics,44978.26
1328,Product_1328,Books,631.8
1329,Product_1329,Books,1609.04
1330,Product_1330,Electronics,40090.74
1331,Product_1331,Sports,1542.08
1332,Product_1332,Grocery,83.6
1333,Product_1333,Books,1204.68
1334,Product_1334,Grocery,1589.48
1335,Product_1335,Grocery,1131.14
1336,Product_1336,Home,12256.21
1337,Product_1337,Sports,6336.34
1338,Product_1338,Home,9903.4
1339,Product_1339,Sports,573.1
1340,Product_1340,Toys,534.13
1341,Product_1341,Sports,7332.79
1342,Product_1342,Clothing,3861.65
1343,Product_1343,Books,1130.14
1344,Product_1344,Grocery,1200.82
1345,Product_1345,Toys,3110.39
1346,Product_1346,Grocery,254.73
1347,Product_1347,Home,10118.26
1348,Product_1348,Sports,4941.16
1349,Product_1349,Sports,6144.47
1350,Product_1350,Home,8578.18
1351,Product_1351,Toys,3838.7
1352,Product_1352,Clothing,1729.13
1353,Product_1353,Home,5790.84
1354,Product_1354,Clothing,2079.71
1355,Product_1355,Toys,3836.03
1356,Product_1356,Clothing,2269.34
1357,Product_1357,Beauty,613.52
1358,Product_1358,Clothing,4918.6
1359,Product_1359,Beauty,1530.81
1360,Product_1360,Books,307.57
1361,Product_1361,Electronics,33678.61
1362,Product_1362,Clothing,3747.98
1363,Product_1363,Home,7653.28
1364,Product_1364,Beauty,1974.73
1365,Product_1365,Toys,946.11
1366,Product_1366,Toys,1902.82
1367,Product_1367,Electronics,8510.52
1368,Product_1368,Books,835.75
1369,Product_1369,Electronics,28358.63
1370,Product_1370,Clothing,2324.19
1371,Product_1371,Home,9020.26
1372,Product_1372,Clothing,2608.44
1373,Product_1373,Sports,3382.8
1374,Product_1374,Grocery,329.66
1375,Product_1375,Electronics,13007.31
1376,Product_1376,Sports,2246.92
1377,Product_1377,Sports,7162.0
1378,Product_1378,Beauty,2477.9
1379,Product_1379,Toys,3629.9
1380,Product_1380,Sports,6544.22
1381,Product_1381,Electronics,15738.64
1382,Product_1382,Electronics,35693.79
1383,Product_1383,Grocery,1229.91
1384,Product_1384,Grocery,141.44
1385,Product_1385,Grocery,1819.84
1386,Product_1386,Home,1475.32
1387,Product_1387,Clothing,2613.0
1388,Product_1388,Home,7842.12
1389,Product_1389,Home,12604.01
1390,Product_1390,Toys,4574.03
1391,Product_1391,Clothing,4710.44
1392,Product_1392,Electronics,28698.77
1393,Product_1393,Beauty,2069.22
1394,Product_1394,Toys,533.75
1395,Product_1395,Grocery,1001.44
1396,Product_1396,Grocery,1800.82
1397,Product_1397,Grocery,938.61
1398,Product_1398,Sports,975.06
1399,Product_1399,Grocery,441.25
1400,Product_1400,Beauty,1345.57
1401,Product_1401,Sports,2604.02
1402,Product_1402,Grocery,814.97
1403,Product_1403,Clothing,1798.22
1404,Product_1404,Clothing,1730.86
1405,Product_1405,Home,1640.12
1406,Product_1406,Books,1777.16
1407,Product_1407,Books,1416.14
1408,Product_1408,Clothing,3192.23
1409,Product_1409,Sports,6182.75
1410,Product_1410,Books,853.35
1411,Product_1411,Beauty,2487.61
1412,Product_1412,Toys,4657.2
1413,Product_1413,Beauty,116.29
1414,Product_1414,Beauty,329.68
1415,Product_1415,Books,1382.45
1416,Product_1416,Toys,1256.73
1417,Product_1417,Beauty,2743.94
1418,Product_1418,Home,10110.97
1419,Product_1419,Books,799.75
1420,Product_1420,Beauty,1304.32
1421,Product_1421,Sports,7001.56
1422,Product_1422,Grocery,324.88
1423,Product_1423,Grocery,1772.65
1424,Product_1424,Home,370.14
1425,Product_1425,Toys,4896.84
1426,Product_1426,Home,2764.39
1427,Product_1427,Books,1510.01
1428,Product_1428,Home,886.89
1429,Product_1429,Clothing,2270.86
1430,Product_1430,Home,9565.61
1431,Product_1431,Sports,981.21
1432,Product_1432,Toys,2272.14
1433,Product_1433,Books,675.96
1434,Product_1434,Books,1046.66
1435,Product_1435,Beauty,1563.27
1436,Product_1436,Toys,3947.63
1437,Product_1437,Clothing,792.82
1438,Product_1438,Beauty,339.89
1439,Product_1439,Electronics,20393.57
1440,Product_1440,Clothing,4460.1
1441,Product_1441,Toys,4290.82
1442,Product_1442,Sports,5731.93
1443,Product_1443,Clothing,4466.11
1444,Product_1444,Home,12138.55
1445,Product_1445,Clothing,1534.11
1446,Product_1446,Home,2800.56
1447,Product_1447,Beauty,973.35
1448,Product_1448,Clothing,1290.17
1449,Product_1449,Clothing,3189.05
1450,Product_1450,Sports,5973.52
1451,Product_1451,Grocery,1216.95
1452,Product_1452,Electronics,9870.53
1453,Product_1453,Clothing,4000.94
1454,Product_1454,Beauty,1357.52
1455,Product_1455,Home,7245.04
1456,Product_1456,Grocery,1994.08
1457,Product_1457,Beauty,918.59
1458,Product_1458,Toys,2031.28
1459,Product_1459,Books,1385.28
1460,Product_1460,Books,1772.78
1461,Product_1461,Sports,1529.78
1462,Product_1462,Books,1496.59
1463,Product_1463,Clothing,4607.75
1464,Product_1464,Toys,2172.33
1465,Product_1465,Electronics,14692.98
1466,Product_1466,Grocery,1371.59
1467,Product_1467,Electronics,12680.65
1468,Product_1468,Clothing,2044.59
1469,Product_1469,Electronics,44897.21
1470,Product_1470,Beauty,1811.96
1471,Product_1471,Home,1696.17
1472,Product_1472,Clothing,1782.55
1473,Product_1473,Books,1291.8
1474,Product_1474,Grocery,988.92
1475,Product_1475,Home,10006.99
1476,Product_1476,Electronics,38191.35
1477,Product_1477,Grocery,987.2
1478,Product_1478,Sports,9873.43
1479,Product_1479,Toys,4581.9
1480,Product_1480,Home,1180.64
1481,Product_1481,Toys,1405.51
1482,Product_1482,Toys,1572.66
1483,Product_1483,Sports,2087.62
1484,Product_1484,Grocery,658.43
1485,Product_1485,Beauty,1331.98
1486,Product_1486,Sports,800.04
1487,Product_1487,Home,2171.31
1488,Product_1488,Home,1714.81
1489,Product_1489,Clothing,422.32
1490,Product_1490,Books,1014.84
1491,Product_1491,Sports,3537.89
1492,Product_1492,Beauty,2812.8
1493,Product_1493,Clothing,693.25
1494,Product_1494,Clothing,4644.97
1495,Product_1495,Beauty,350.98
1496,Product_1496,Clothing,3172.24
1497,Product_1497,Beauty,818.42
1498,Product_1498,Electronics,41426.88
1499,Product_1499,Clothing,495.08
1500,Product_1500,Home,14301.87
1501,Product_1501,Electronics,2839.23
1502,Product_1502,Clothing,1357.34
1503,Product_1503,Beauty,1446.14
1504,Product_1504,Electronics,37924.87
1505,Product_1505,Books,1907.11
1506,Product_1506,Electronics,21688.1
1507,Product_1507,Home,11432.46
1508,Product_1508,Clothing,3690.38
1509,Product_1509,Clothing,2941.61
1510,Product_1510,Beauty,2103.67
1511,Product_1511,Electronics,2384.3
1512,Product_1512,Home,6791.19
1513,Product_1513,Beauty,2379.0
1514,Product_1514,Books,1001.02
1515,Product_1515,Grocery,1753.33
1516,Product_1516,Beauty,2517.55
1517,Product_1517,Home,12992.66
1518,Product_1518,Clothing,823.98
1519,Product_1519,Home,3888.87
1520,Product_1520,Clothing,342.07
1521,Product_1521,Sports,9833.17
1522,Product_1522,Electronics,12188.84
1523,Product_1523,Home,5696.27
1524,Product_1524,Grocery,586.11
1525,Product_1525,Books,175.61
1526,Product_1526,Books,596.39
1527,Product_1527,Toys,581.16
1528,Product_1528,Beauty,1243.42
1529,Product_1529,Grocery,1935.31
1530,Product_1530,Clothing,3551.66
1531,Product_1531,Electronics,35491.59
1532,Product_1532,Books,961.03
1533,Product_1533,Electronics,40659.55
1534,Product_1534,Home,13651.78
1535,Product_1535,Beauty,2888.5
1536,Product_1536,Books,288.08
1537,Product_1537,Home,13230.77
1538,Product_1538,Beauty,752.74
1539,Product_1539,Sports,4153.49
1540,Product_1540,Home,5378.51
1541,Product_1541,Toys,3408.14
1542,Product_1542,Clothing,3070.04
1543,Product_1543,Home,1903.84
1544,Product_1544,Home,11807.49
1545,Product_1545,Books,935.33
1546,Product_1546,Toys,110.89
1547,Product_1547,Sports,4320.68
1548,Product_1548,Books,1081.03
1549,Product_1549,Sports,968.08
1550,Product_1550,Books,387.16
1551,Product_1551,Grocery,1987.47
1552,Product_1552,Home,13106.57
1553,Product_1553,Beauty,486.65
1554,Product_1554,Sports,5929.0
1555,Product_1555,Grocery,789.52
1556,Product_1556,Sports,5574.28
1557,Product_1557,Beauty,1464.55
1558,Product_1558,Electronics,2883.37
1559,Product_1559,Toys,1645.56
1560,Product_1560,Grocery,294.77
1561,Product_1561,Sports,5042.99
1562,Product_1562,Sports,9100.97
1563,Product_1563,Beauty,2987.05
1564,Product_1564,Grocery,1891.29
1565,Product_1565,Beauty,2958.52
1566,Product_1566,Home,524.12
1567,Product_1567,Toys,3674.29
1568,Product_1568,Home,4312.35
1569,Product_1569,Grocery,1737.96
1570,Product_1570,Electronics,40779.81
1571,Product_1571,Electronics,21471.89
1572,Product_1572,Electronics,23926.4
1573,Product_1573,Clothing,1472.44
1574,Product_1574,Beauty,937.53
1575,Product_1575,Sports,9817.39
1576,Product_1576,Beauty,2677.67
1577,Product_1577,Beauty,656.42
1578,Product_1578,Electronics,14138.47
1579,Product_1579,Beauty,415.08
1580,Product_1580,Clothing,4946.58
1581,Product_1581,Books,1823.7
1582,Product_1582,Sports,5655.35
1583,Product_1583,Grocery,1401.14
1584,Product_1584,Books,1521.1
1585,Product_1585,Electronics,10588.66
1586,Product_1586,Toys,4679.87
1587,Product_1587,Home,8043.12
1588,Product_1588,Toys,553.01
1589,Product_1589,Toys,2045.7
1590,Product_1590,Books,1243.13
1591,Product_1591,Sports,3722.38
1592,Product_1592,Books,1428.49
1593,Product_1593,Home,13266.13
1594,Product_1594,Grocery,1555.19
1595,Product_1595,Home,9747.07
1596,Product_1596,Beauty,1585.26
1597,Product_1597,Sports,2768.3
1598,Product_1598,Clothing,2383.74
1599,Product_1599,Beauty,949.56
1600,Product_1600,Home,14030.14
1601,Product_1601,Books,1823.89
1602,Product_1602,Grocery,353.86
1603,Product_1603,Sports,8279.42
1604,Product_1604,Grocery,1420.68
1605,Product_1605,Beauty,2928.11
1606,Product_1606,Sports,4794.07
1607,Product_1607,Books,1472.13
1608,Product_1608,Electronics,26135.25
1609,Product_1609,Clothing,533.12
1610,Product_1610,Clothing,424.47
1611,Product_1611,Clothing,786.13
1612,Product_1612,Grocery,627.57
1613,Product_1613,Home,4108.96
1614,Product_1614,Home,11006.4
1615,Product_1615,Grocery,1446.05
1616,Product_1616,Clothing,4862.69
1617,Product_1617,Sports,3310.79
1618,Product_1618,Electronics,46953.38
1619,Product_1619,Home,9308.9
1620,Product_1620,Books,1041.09
1621,Product_1621,Beauty,2036.74
1622,Product_1622,Beauty,2137.99
1623,Product_1623,Home,2827.36
1624,Product_1624,Clothing,3808.23
1625,Product_1625,Sports,7334.18
1626,Product_1626,Electronics,49877.85
1627,Product_1627,Beauty,2744.65
1628,Product_1628,Home,10364.51
1629,Product_1629,Grocery,1439.11
1630,Product_1630,Sports,9476.06
1631,Product_1631,Grocery,1936.0
1632,Product_1632,Clothing,4169.43
1633,Product_1633,Electronics,38485.98
1634,Product_1634,Electronics,6012.61
1635,Product_1635,Beauty,2507.93
1636,Product_1636,Grocery,543.73
1637,Product_1637,Toys,2862.54
1638,Product_1638,Beauty,1275.58
1639,Product_1639,Books,756.65
1640,Product_1640,Home,4860.68
1641,Product_1641,Toys,4291.59
1642,Product_1642,Electronics,38572.24
1643,Product_1643,Clothing,2712.55
1644,Product_1644,Clothing,3389.51
1645,Product_1645,Toys,4924.19
1646,Product_1646,Home,6143.77
1647,Product_1647,Electronics,27779.48
1648,Product_1648,Beauty,1647.22
1649,Product_1649,Books,1878.35
1650,Product_1650,Clothing,1887.5
1651,Product_1651,Sports,9866.67
1652,Product_1652,Home,4779.05
1653,Product_1653,Clothing,722.75
1654,Product_1654,Sports,2156.32
1655,Product_1655,Toys,2188.48
1656,Product_1656,Sports,6602.63
1657,Product_1657,Clothing,2680.76
1658,Product_1658,Home,5831.29
1659,Product_1659,Sports,5751.72
1660,Product_1660,Sports,8436.42
1661,Product_1661,Electronics,42027.09
1662,Product_1662,Books,1479.83
1663,Product_1663,Books,1909.65
1664,Product_1664,Grocery,1200.9
1665,Product_1665,Books,114.55
1666,Product_1666,Electronics,14901.02
1667,Product_1667,Books,723.62
1668,Product_1668,Electronics,27592.64
1669,Product_1669,Sports,9077.43
1670,Product_1670,Sports,8429.72
1671,Product_1671,Home,3712.94
1672,Product_1672,Beauty,1606.23
1673,Product_1673,Grocery,1335.34
1674,Product_1674,Electronics,49381.82
1675,Product_1675,Books,159.48
1676,Product_1676,Beauty,1445.24
1677,Product_1677,Electronics,49411.38
1678,Product_1678,Books,1956.69
1679,Product_1679,Toys,1720.56
1680,Product_1680,Toys,100.08
1681,Product_1681,Electronics,29543.36
1682,Product_1682,Books,1747.18
1683,Product_1683,Home,5067.17
1684,Product_1684,Home,14033.77
1685,Product_1685,Toys,1730.24
1686,Product_1686,Clothing,3128.97
1687,Product_1687,Electronics,36241.28
1688,Product_1688,Electronics,17598.08
1689,Product_1689,Toys,1825.81
1690,Product_1690,Electronics,23764.74
1691,Product_1691,Grocery,1678.69
1692,Product_1692,Home,1782.51
1693,Product_1693,Books,1299.81
1694,Product_1694,Electronics,34028.72
1695,Product_1695,Clothing,2877.79
1696,Product_1696,Sports,9377.63
1697,Product_1697,Clothing,3089.56
1698,Product_1698,Books,1305.7
1699,Product_1699,Sports,6117.67
1700,Product_1700,Home,10913.68
1701,Product_1701,Toys,763.51
1702,Product_1702,Books,1799.13
1703,Product_1703,Beauty,223.23
1704,Product_1704,Books,1317.41
1705,Product_1705,Grocery,1250.19
1706,Product_1706,Home,3359.38
1707,Product_1707,Beauty,218.06
1708,Product_1708,Sports,1646.7
1709,Product_1709,Beauty,887.85
1710,Product_1710,Sports,8856.43
1711,Product_1711,Books,1725.9
1712,Product_1712,Beauty,285.18
1713,Product_1713,Sports,3105.9
1714,Product_1714,Books,1789.7
1715,Product_1715,Grocery,511.49
1716,Product_1716,Beauty,2988.3
1717,Product_1717,Sports,2791.35
1718,Product_1718,Clothing,3747.74
1719,Product_1719,Electronics,21144.43
1720,Product_1720,Grocery,315.68
1721,Product_1721,Clothing,1424.74
1722,Product_1722,Home,10224.24
1723,Product_1723,Toys,1751.58
1724,Product_1724,Toys,3060.23
1725,Product_1725,Beauty,696.04
1726,Product_1726,Toys,2298.05
1727,Product_1727,Grocery,1048.88
1728,Product_1728,Books,884.29
1729,Product_1729,Sports,2219.8
1730,Product_1730,Grocery,950.03
1731,Product_1731,Clothing,3525.92
1732,Product_1732,Clothing,4831.55
1733,Product_1733,Books,1600.09
1734,Product_1734,Sports,1866.26
1735,Product_1735,Beauty,890.84
1736,Product_1736,Books,249.77
1737,Product_1737,Home,2294.05
1738,Product_1738,Home,3985.04
1739,Product_1739,Books,479.1
1740,Product_1740,Home,3440.64
1741,Product_1741,Toys,1230.77
1742,Product_1742,Grocery,636.32
1743,Product_1743,Sports,1518.18
1744,Product_1744,Grocery,591.78
1745,Product_1745,Clothing,3504.38
1746,Product_1746,Books,549.16
1747,Product_1747,Home,2826.02
1748,Product_1748,Grocery,182.01
1749,Product_1749,Clothing,2599.86
1750,Product_1750,Books,1699.77
1751,Product_1751,Home,1167.54
1752,Product_1752,Home,8272.19
1753,Product_1753,Books,1336.18
1754,Product_1754,Beauty,1818.14
1755,Product_1755,Sports,8812.95
1756,Product_1756,Beauty,2612.55
1757,Product_1757,Toys,380.81
1758,Product_1758,Clothing,1932.53
1759,Product_1759,Toys,3387.07
1760,Product_1760,Clothing,4771.73
1761,Product_1761,Books,1628.9
1762,Product_1762,Sports,2012.92
1763,Product_1763,Home,4404.37
1764,Product_1764,Sports,7706.86
1765,Product_1765,Grocery,969.38
1766,Product_1766,Home,8345.35
1767,Product_1767,Electronics,30644.5
1768,Product_1768,Toys,606.13
1769,Product_1769,Electronics,42870.12
1770,Product_1770,Sports,8672.4
1771,Product_1771,Toys,2394.37
1772,Product_1772,Grocery,1272.35
1773,Product_1773,Electronics,33165.25
1774,Product_1774,Electronics,9891.27
1775,Product_1775,Toys,651.67
1776,Product_1776,Grocery,90.31
1777,Product_1777,Toys,4573.12
1778,Product_1778,Clothing,1859.42
1779,Product_1779,Home,1561.71
1780,Product_1780,Books,985.02
1781,Product_1781,Electronics,4243.44
1782,Product_1782,Beauty,347.23
1783,Product_1783,Grocery,1003.33
1784,Product_1784,Toys,2593.3
1785,Product_1785,Clothing,2984.69
1786,Product_1786,Home,9947.78
1787,Product_1787,Grocery,1353.12
1788,Product_1788,Clothing,2278.38
1789,Product_1789,Beauty,1966.25
1790,Product_1790,Books,679.01
1791,Product_1791,Home,6787.23
1792,Product_1792,Sports,4115.27
1793,Product_1793,Sports,3492.37
1794,Product_1794,Clothing,1345.14
1795,Product_1795,Books,249.07
1796,Product_1796,Sports,5207.33
1797,Product_1797,Toys,2732.71
1798,Product_1798,Home,5241.48
1799,Product_1799,Beauty,2929.95
1800,Product_1800,Beauty,1715.19
1801,Product_1801,Sports,8923.4
1802,Product_1802,Electronics,28719.22
1803,Product_1803,Electronics,9900.83
1804,Product_1804,Books,1951.78
1805,Product_1805,Grocery,1776.4
1806,Product_1806,Electronics,23828.05
1807,Product_1807,Sports,2657.66
1808,Product_1808,Grocery,484.21
1809,Product_1809,Sports,8118.4
1810,Product_1810,Sports,970.45
1811,Product_1811,Toys,3226.5
1812,Product_1812,Grocery,1298.26
1813,Product_1813,Home,2982.08
1814,Product_1814,Grocery,1424.58
1815,Product_1815,Electronics,35417.61
1816,Product_1816,Clothing,1880.15
1817,Product_1817,Books,1018.41
1818,Product_1818,Home,12541.62
1819,Product_1819,Books,1093.99
1820,Product_1820,Books,1274.5
1821,Product_1821,Home,6367.71
1822,Product_1822,Sports,1751.11
1823,Product_1823,Grocery,1996.23
1824,Product_1824,Sports,5455.9
1825,Product_1825,Home,5245.76
1826,Product_1826,Sports,7223.74
1827,Product_1827,Electronics,31230.68
1828,Product_1828,Home,3723.75
1829,Product_1829,Toys,4396.93
1830,Product_1830,Toys,447.42
1831,Product_1831,Books,1250.83
1832,Product_1832,Toys,2441.65
1833,Product_1833,Home,4977.52
1834,Product_1834,Toys,4149.26
1835,Product_1835,Home,9947.27
1836,Product_1836,Sports,7667.15
1837,Product_1837,Toys,2131.83
1838,Product_1838,Grocery,1887.68
1839,Product_1839,Home,5367.43
1840,Product_1840,Grocery,1085.54
1841,Product_1841,Grocery,1870.62
1842,Product_1842,Clothing,599.31
1843,Product_1843,Clothing,722.29
1844,Product_1844,Electronics,49712.29
1845,Product_1845,Home,14579.45
1846,Product_1846,Toys,3881.34
1847,Product_1847,Grocery,994.17
1848,Product_1848,Home,7739.09
1849,Product_1849,Grocery,551.57
1850,Product_1850,Books,922.19
1851,Product_1851,Sports,4484.09
1852,Product_1852,Books,168.57
1853,Product_1853,Toys,2320.48
1854,Product_1854,Beauty,1491.4
1855,Product_1855,Books,1364.99
1856,Product_1856,Toys,2630.62
1857,Product_1857,Beauty,2598.88
1858,Product_1858,Toys,1901.05
1859,Product_1859,Home,6322.85
1860,Product_1860,Electronics,28788.38
1861,Product_1861,Clothing,1173.07
1862,Product_1862,Home,6084.42
1863,Product_1863,Home,10386.66
1864,Product_1864,Electronics,20884.53
1865,Product_1865,Electronics,45377.52
1866,Product_1866,Beauty,1884.37
1867,Product_1867,Toys,853.46
1868,Product_1868,Home,7465.43
1869,Product_1869,Toys,3847.42
1870,Product_1870,Home,9757.17
1871,Product_1871,Sports,8887.06
1872,Product_1872,Clothing,3799.92
1873,Product_1873,Sports,897.65
1874,Product_1874,Grocery,269.4
1875,Product_1875,Sports,6602.56
1876,Product_1876,Clothing,1344.36
1877,Product_1877,Home,8941.17
1878,Product_1878,Beauty,2397.43
1879,Product_1879,Grocery,1175.02
1880,Product_1880,Toys,2135.89
1881,Product_1881,Clothing,3302.1
1882,Product_1882,Electronics,7609.16
1883,Product_1883,Home,10931.16
1884,Product_1884,Clothing,3545.72
1885,Product_1885,Clothing,2669.14
1886,Product_1886,Books,629.75
1887,Product_1887,Toys,4008.06
1888,Product_1888,Clothing,2650.64
1889,Product_1889,Grocery,165.39
1890,Product_1890,Beauty,2763.98
1891,Product_1891,Sports,7746.85
1892,Product_1892,Sports,5972.61
1893,Product_1893,Books,929.97
1894,Product_1894,Clothing,4807.52
1895,Product_1895,Clothing,3920.1
1896,Product_1896,Sports,5489.43
1897,Product_1897,Beauty,1994.15
1898,Product_1898,Grocery,597.46
1899,Product_1899,Home,3177.02
1900,Product_1900,Sports,2951.2
1901,Product_1901,Clothing,1607.05
1902,Product_1902,Beauty,2245.24
1903,Product_1903,Toys,786.3
1904,Product_1904,Beauty,2355.0
1905,Product_1905,Toys,2664.64
1906,Product_1906,Books,830.69
1907,Product_1907,Clothing,1641.9
1908,Product_1908,Grocery,1050.74
1909,Product_1909,Electronics,16217.16
1910,Product_1910,Beauty,1345.41
1911,Product_1911,Sports,7468.45
1912,Product_1912,Grocery,1270.7
1913,Product_1913,Electronics,37525.13
1914,Product_1914,Books,1454.65
1915,Product_1915,Home,12281.57
1916,Product_1916,Sports,2256.39
1917,Product_1917,Books,1990.73
1918,Product_1918,Toys,2431.28
1919,Product_1919,Books,1464.64
1920,Product_1920,Books,1387.73
1921,Product_1921,Clothing,2917.52
1922,Product_1922,Electronics,49792.9
1923,Product_1923,Books,512.9
1924,Product_1924,Books,901.28
1925,Product_1925,Books,342.69
1926,Product_1926,Sports,2063.8
1927,Product_1927,Grocery,1440.28
1928,Product_1928,Books,109.2
1929,Product_1929,Beauty,2680.48
1930,Product_1930,Clothing,3239.29
1931,Product_1931,Electronics,22324.8
1932,Product_1932,Beauty,1060.95
1933,Product_1933,Books,339.92
1934,Product_1934,Grocery,1847.05
1935,Product_1935,Toys,3590.38
1936,Product_1936,Grocery,705.97
1937,Product_1937,Clothing,540.49
1938,Product_1938,Grocery,685.08
1939,Product_1939,Clothing,1086.24
1940,Product_1940,Grocery,1583.23
1941,Product_1941,Grocery,1453.22
1942,Product_1942,Electronics,25158.95
1943,Product_1943,Electronics,44349.13
1944,Product_1944,Grocery,402.33
1945,Product_1945,Electronics,22872.3
1946,Product_1946,Sports,7193.02
1947,Product_1947,Toys,432.23
1948,Product_1948,Clothing,1988.85
1949,Product_1949,Books,1186.16
1950,Product_1950,Home,5692.01
1951,Product_1951,Beauty,1492.58
1952,Product_1952,Electronics,30601.86
1953,Product_1953,Clothing,1968.27
1954,Product_1954,Toys,619.47
1955,Product_1955,Books,364.94
1956,Product_1956,Beauty,1628.31
1957,Product_1957,Home,2868.68
1958,Product_1958,Beauty,2680.52
1959,Product_1959,Grocery,1676.66
1960,Product_1960,Home,5430.77
1961,Product_1961,Books,1678.88
1962,Product_1962,Electronics,26892.8
1963,Product_1963,Sports,1842.79
1964,Product_1964,Home,9328.91
1965,Product_1965,Electronics,34132.83
1966,Product_1966,Beauty,343.29
1967,Product_1967,Books,697.46
1968,Product_1968,Toys,126.38
1969,Product_1969,Beauty,1017.64
1970,Product_1970,Beauty,1072.79
1971,Product_1971,Books,1297.4
1972,Product_1972,Books,478.18
1973,Product_1973,Sports,591.88
1974,Product_1974,Clothing,1715.05
1975,Product_1975,Home,12436.61
1976,Product_1976,Toys,2055.81
1977,Product_1977,Books,888.68
1978,Product_1978,Clothing,2451.33
1979,Product_1979,Beauty,2280.19
1980,Product_1980,Toys,2452.12
1981,Product_1981,Sports,1185.44
1982,Product_1982,Grocery,452.48
1983,Product_1983,Grocery,416.4
1984,Product_1984,Electronics,25639.23
1985,Product_1985,Sports,590.32
1986,Product_1986,Books,638.87
1987,Product_1987,Clothing,3114.54
1988,Product_1988,Beauty,1128.49
1989,Product_1989,Toys,3567.79
1990,Product_1990,Toys,2016.98
1991,Product_1991,Grocery,1959.55
1992,Product_1992,Toys,4830.25
1993,Product_1993,Home,12057.66
1994,Product_1994,Sports,9557.59
1995,Product_1995,Clothing,1182.94
1996,Product_1996,Clothing,3804.43
1997,Product_1997,Grocery,677.23
1998,Product_1998,Electronics,36402.07
1999,Product_1999,Home,5796.23
2000,Product_2000,Grocery,614.37
